[{"model": "auth.group", "pk": 1, "fields": {"name": "Vorstand", "permissions": [16, 45, 46, 47, 48, 69, 70, 71, 72, 65, 66, 67, 68, 61, 62, 63, 64, 57, 58, 59, 60, 49, 50, 51, 52, 53, 54, 55, 56, 101, 102, 103, 104, 105, 106, 107, 108, 109, 110, 111, 112, 113, 114, 115, 116, 117, 118, 119, 120, 121, 122, 123, 124, 125, 126, 127, 128, 129, 130, 131, 132, 133, 134, 135, 136, 137, 138, 139, 140, 28, 97, 98, 99, 100, 73, 74, 75, 76, 77, 78, 79, 80, 81, 82, 83, 84, 85, 86, 87, 88, 89, 90, 91, 92, 93, 94, 95, 96, 141, 142, 143, 144, 145, 146, 147, 148, 149, 150, 151, 152, 44, 38, 40, 29, 30, 31, 32, 33, 34, 35, 36]}}, {"model": "auth.user", "pk": 1, "fields": {"password": "pbkdf2_sha256$180000$rjnaAxw2UQMI$xYlg6fV0EVLf3QuY8k9dcylTJm38kwnLCZVs0MiZOvc=", "last_login": "2020-02-16T19:51:01.358Z", "is_superuser": true, "username": "admin", "first_name": "", "last_name": "", "email": "", "is_staff": true, "is_active": true, "date_joined": "2020-02-16T19:21:59.320Z", "groups": [], "user_permissions": []}}, {"model": "auth.user", "pk": 2, "fields": {"password": "pbkdf2_sha256$180000$zdtGdW2t8aFT$Te+KTOPp9H3Nh91oHFcGY9JnCK6mY0sNrPIpxJ4AYfQ=", "last_login": null, "is_superuser": false, "username": "user", "first_name": "", "last_name": "", "email": "user@example.com", "is_staff": true, "is_active": true, "date_joined": "2020-02-16T19:23:02Z", "groups": [1], "user_permissions": []}}, {"model": "feincms3_sites.site", "pk": 1, "fields": {"is_active": true, "is_default": true, "host": "127.0.0.1:8000", "is_managed_re": true, "host_re": "^127\\.0\\.0\\.1:8000$", "default_language": ""}}, {"model": "feincms3_sites.site", "pk": 2, "fields": {"is_active": true, "is_default": false, "host": "example.juso.local:8000", "is_managed_re": true, "host_re": "^example\\.juso\\.local:8000$", "default_language": "de"}}, {"model": "sections.category", "pk": 1, "fields": {"parent": null, "language_code": "de", "name": "Klima", "slug": "klima"}}, {"model": "sections.category", "pk": 2, "fields": {"parent": null, "language_code": "de", "name": "Feminismus", "slug": "feminismus"}}, {"model": "sections.section", "pk": 1, "fields": {"parent": null, "name": "JUSO Schweiz", "site": 1, "slug": "juso-schweiz", "users": [1]}}, {"model": "sections.section", "pk": 2, "fields": {"parent": null, "name": "Beispiel Sektion", "site": 2, "slug": "beispiel-sektion", "users": [2]}}, {"model": "blog.namespace", "pk": 1, "fields": {"language_code": "de", "name": "Blog", "slug": "blog"}}, {"model": "blog.namespace", "pk": 2, "fields": {"language_code": "de", "name": "Medienmitteilung", "slug": "medienmitteilung"}}, {"model": "blog.namespace", "pk": 3, "fields": {"language_code": "fr", "name": "Blog (FR)", "slug": "blog"}}, {"model": "blog.article", "pk": 1, "fields": {"meta_title": "", "meta_description": "", "meta_image": "", "meta_canonical": "", "meta_author": "", "meta_robots": "", "meta_image_width": null, "meta_image_height": null, "meta_image_ppoi": "0.5x0.5", "template_key": "default", "language_code": "de", "title": "Hallo Welt", "slug": "hallo-welt", "author": null, "publication_date": "2020-02-16T19:46:33Z", "created_date": "2020-02-16T19:46:55.470Z", "edited_date": "2020-02-16T19:47:55.463Z", "category": null, "section": 2, "namespace": 1}}, {"model": "blog.article", "pk": 2, "fields": {"meta_title": "", "meta_description": "", "meta_image": "", "meta_canonical": "", "meta_author": "", "meta_robots": "", "meta_image_width": null, "meta_image_height": null, "meta_image_ppoi": "0.5x0.5", "template_key": "default", "language_code": "de", "title": "Eine Mitteilung", "slug": "eine-mitteilung", "author": null, "publication_date": "2020-02-16T19:55:17Z", "created_date": "2020-02-16T19:55:41.378Z", "edited_date": "2020-02-16T19:55:41.378Z", "category": null, "section": 2, "namespace": 2}}, {"model": "blog.richtext", "pk": 1, "fields": {"text": "<p>Bite <strong>the neighbor's</strong> bratty kid. Meowing chowing and wowing hide at bottom of staircase to trip human chase the pig around the house litter kitter <strong>kitty litty little</strong> kitten big roar roar feed me if it fits i sits yet hate dog. I want to go outside let me go outside nevermind inside is better the <em>dog smells bad yet attack dog, run away and pretend to be victim yet has closed eyes but still sees you. Scratch eat half my food and</em> ask for more. Get my claw stuck in the dog's ear attempt to leap between furniture but woefully miscalibrate and bellyflop onto the floor; what's your problem? i meant to do that now i shall wash myself <strong>intently</strong>. Lies down sit in box yet sleep in the bathroom sink.</p>", "parent": 1, "region": "main", "ordering": 10}}, {"model": "pages.page", "pk": 1, "fields": {"parent": null, "is_active": true, "title": "JUSO Schweiz", "slug": "juso-schweiz", "position": 10, "static_path": true, "site": 1, "path": "/de/", "meta_title": "", "meta_description": "", "meta_image": "", "meta_canonical": "", "meta_author": "", "meta_robots": "", "meta_image_width": null, "meta_image_height": null, "meta_image_ppoi": "0.5x0.5", "menu": "main", "template_key": "default", "language_code": "de", "redirect_to_url": "", "redirect_to_page": null, "application": "", "app_instance_namespace": "", "is_landing_page": true, "blog_namespace": null, "event_namespace": null, "all_events": false, "category": null}}, {"model": "pages.page", "pk": 4, "fields": {"parent": 1, "is_active": true, "title": "\u00dcber uns", "slug": "uber-uns", "position": 10, "static_path": false, "site": 1, "path": "/de/uber-uns/", "meta_title": "", "meta_description": "", "meta_image": "", "meta_canonical": "", "meta_author": "", "meta_robots": "", "meta_image_width": null, "meta_image_height": null, "meta_image_ppoi": "0.5x0.5", "menu": "main", "template_key": "default", "language_code": "de", "redirect_to_url": "", "redirect_to_page": null, "application": "", "app_instance_namespace": "", "is_landing_page": false, "blog_namespace": null, "event_namespace": null, "all_events": false, "category": null}}, {"model": "pages.page", "pk": 7, "fields": {"parent": 1, "is_active": true, "title": "Blog", "slug": "blog", "position": 20, "static_path": false, "site": 1, "path": "/de/blog/", "meta_title": "", "meta_description": "", "meta_image": "", "meta_canonical": "", "meta_author": "", "meta_robots": "", "meta_image_width": null, "meta_image_height": null, "meta_image_ppoi": "0.5x0.5", "menu": "main", "template_key": "default", "language_code": "de", "redirect_to_url": "", "redirect_to_page": null, "application": "blog", "app_instance_namespace": "1-blog-Blog", "is_landing_page": false, "blog_namespace": 1, "event_namespace": null, "all_events": false, "category": null}}, {"model": "pages.page", "pk": 10, "fields": {"parent": 1, "is_active": true, "title": "Termine", "slug": "termine", "position": 30, "static_path": false, "site": 1, "path": "/de/termine/", "meta_title": "", "meta_description": "", "meta_image": "", "meta_canonical": "", "meta_author": "", "meta_robots": "", "meta_image_width": null, "meta_image_height": null, "meta_image_ppoi": "0.5x0.5", "menu": "main", "template_key": "default", "language_code": "de", "redirect_to_url": "", "redirect_to_page": null, "application": "events", "app_instance_namespace": "1-events", "is_landing_page": false, "blog_namespace": null, "event_namespace": null, "all_events": false, "category": null}}, {"model": "pages.page", "pk": 2, "fields": {"parent": null, "is_active": true, "title": "JS Suisse", "slug": "js-suisse", "position": 20, "static_path": true, "site": 1, "path": "/fr/", "meta_title": "", "meta_description": "", "meta_image": "", "meta_canonical": "", "meta_author": "", "meta_robots": "", "meta_image_width": null, "meta_image_height": null, "meta_image_ppoi": "0.5x0.5", "menu": "main", "template_key": "default", "language_code": "fr", "redirect_to_url": "", "redirect_to_page": null, "application": "", "app_instance_namespace": "", "is_landing_page": true, "blog_namespace": null, "event_namespace": null, "all_events": false, "category": null}}, {"model": "pages.page", "pk": 5, "fields": {"parent": 2, "is_active": true, "title": "Portrait", "slug": "portrait", "position": 10, "static_path": false, "site": 1, "path": "/fr/portrait/", "meta_title": "", "meta_description": "", "meta_image": "", "meta_canonical": "", "meta_author": "", "meta_robots": "", "meta_image_width": null, "meta_image_height": null, "meta_image_ppoi": "0.5x0.5", "menu": "main", "template_key": "default", "language_code": "fr", "redirect_to_url": "", "redirect_to_page": null, "application": "", "app_instance_namespace": "", "is_landing_page": false, "blog_namespace": null, "event_namespace": null, "all_events": false, "category": null}}, {"model": "pages.page", "pk": 8, "fields": {"parent": 2, "is_active": true, "title": "Blog", "slug": "blog", "position": 40, "static_path": false, "site": 1, "path": "/fr/blog/", "meta_title": "", "meta_description": "", "meta_image": "", "meta_canonical": "", "meta_author": "", "meta_robots": "", "meta_image_width": null, "meta_image_height": null, "meta_image_ppoi": "0.5x0.5", "menu": "main", "template_key": "default", "language_code": "fr", "redirect_to_url": "", "redirect_to_page": null, "application": "blog", "app_instance_namespace": "1-blog-Blog", "is_landing_page": false, "blog_namespace": 3, "event_namespace": null, "all_events": false, "category": null}}, {"model": "pages.page", "pk": 12, "fields": {"parent": 2, "is_active": true, "title": "Agenda", "slug": "agenda", "position": 50, "static_path": false, "site": 1, "path": "/fr/agenda/", "meta_title": "", "meta_description": "", "meta_image": "", "meta_canonical": "", "meta_author": "", "meta_robots": "", "meta_image_width": null, "meta_image_height": null, "meta_image_ppoi": "0.5x0.5", "menu": "main", "template_key": "default", "language_code": "fr", "redirect_to_url": "", "redirect_to_page": null, "application": "events", "app_instance_namespace": "1-events", "is_landing_page": false, "blog_namespace": null, "event_namespace": null, "all_events": false, "category": null}}, {"model": "pages.page", "pk": 3, "fields": {"parent": null, "is_active": true, "title": "Beispiel JUSO", "slug": "beispiel-juso", "position": 30, "static_path": true, "site": 2, "path": "/", "meta_title": "", "meta_description": "", "meta_image": "", "meta_canonical": "", "meta_author": "", "meta_robots": "", "meta_image_width": null, "meta_image_height": null, "meta_image_ppoi": "0.5x0.5", "menu": "main", "template_key": "default", "language_code": "de", "redirect_to_url": "", "redirect_to_page": null, "application": "", "app_instance_namespace": "", "is_landing_page": true, "blog_namespace": null, "event_namespace": null, "all_events": false, "category": null}}, {"model": "pages.page", "pk": 6, "fields": {"parent": 3, "is_active": true, "title": "\u00dcber uns", "slug": "uber-uns", "position": 10, "static_path": false, "site": 2, "path": "/uber-uns/", "meta_title": "", "meta_description": "", "meta_image": "", "meta_canonical": "", "meta_author": "", "meta_robots": "", "meta_image_width": null, "meta_image_height": null, "meta_image_ppoi": "0.5x0.5", "menu": "main", "template_key": "default", "language_code": "de", "redirect_to_url": "", "redirect_to_page": null, "application": "", "app_instance_namespace": "", "is_landing_page": false, "blog_namespace": null, "event_namespace": null, "all_events": false, "category": null}}, {"model": "pages.page", "pk": 9, "fields": {"parent": 3, "is_active": true, "title": "Blog", "slug": "blog", "position": 20, "static_path": false, "site": 2, "path": "/blog/", "meta_title": "", "meta_description": "", "meta_image": "", "meta_canonical": "", "meta_author": "", "meta_robots": "", "meta_image_width": null, "meta_image_height": null, "meta_image_ppoi": "0.5x0.5", "menu": "main", "template_key": "default", "language_code": "de", "redirect_to_url": "", "redirect_to_page": null, "application": "blog", "app_instance_namespace": "2-blog-Blog", "is_landing_page": false, "blog_namespace": 1, "event_namespace": null, "all_events": false, "category": null}}, {"model": "pages.page", "pk": 11, "fields": {"parent": 3, "is_active": true, "title": "Termine", "slug": "termine", "position": 30, "static_path": false, "site": 2, "path": "/termine/", "meta_title": "", "meta_description": "", "meta_image": "", "meta_canonical": "", "meta_author": "", "meta_robots": "", "meta_image_width": null, "meta_image_height": null, "meta_image_ppoi": "0.5x0.5", "menu": "main", "template_key": "default", "language_code": "de", "redirect_to_url": "", "redirect_to_page": null, "application": "events", "app_instance_namespace": "2-events", "is_landing_page": false, "blog_namespace": null, "event_namespace": null, "all_events": false, "category": null}}, {"model": "pages.page", "pk": 13, "fields": {"parent": 3, "is_active": true, "title": "Kontakt", "slug": "kontakt", "position": 40, "static_path": false, "site": 2, "path": "/kontakt/", "meta_title": "", "meta_description": "", "meta_image": "", "meta_canonical": "", "meta_author": "", "meta_robots": "", "meta_image_width": null, "meta_image_height": null, "meta_image_ppoi": "0.5x0.5", "menu": "main", "template_key": "default", "language_code": "de", "redirect_to_url": "", "redirect_to_page": null, "application": "", "app_instance_namespace": "", "is_landing_page": false, "blog_namespace": null, "event_namespace": null, "all_events": false, "category": null}}, {"model": "pages.page", "pk": 14, "fields": {"parent": 13, "is_active": true, "title": "Medienmitteilungen", "slug": "medienmitteilungen", "position": 10, "static_path": false, "site": 2, "path": "/kontakt/medienmitteilungen/", "meta_title": "", "meta_description": "", "meta_image": "", "meta_canonical": "", "meta_author": "", "meta_robots": "", "meta_image_width": null, "meta_image_height": null, "meta_image_ppoi": "0.5x0.5", "menu": "main", "template_key": "default", "language_code": "de", "redirect_to_url": "", "redirect_to_page": null, "application": "blog", "app_instance_namespace": "2-blog-Medienmitteilung", "is_landing_page": false, "blog_namespace": 2, "event_namespace": null, "all_events": false, "category": null}}, {"model": "pages.team", "pk": 1, "fields": {"team": 1, "template_key": "teams/default.html", "parent": 4, "region": "main", "ordering": 10}}, {"model": "pages.team", "pk": 2, "fields": {"team": 2, "template_key": "teams/default.html", "parent": 6, "region": "main", "ordering": 10}}, {"model": "events.namespace", "pk": 1, "fields": {"language_code": "de", "name": "Versammlung", "slug": "versammlung"}}, {"model": "events.location", "pk": 1, "fields": {"meta_title": "", "meta_description": "", "meta_image": "", "meta_canonical": "", "meta_author": "", "meta_robots": "", "meta_image_width": null, "meta_image_height": null, "meta_image_ppoi": "0.5x0.5", "name": "JUSO Seki", "slug": "juso-seki", "street": "Theaterplatz 14", "city": "Bern", "zip_code": "3011", "country": "Schweiz", "section": null, "website": "", "lng": 0.0, "lat": 0.0}}, {"model": "events.location", "pk": 2, "fields": {"meta_title": "", "meta_description": "", "meta_image": "", "meta_canonical": "", "meta_author": "", "meta_robots": "", "meta_image_width": null, "meta_image_height": null, "meta_image_ppoi": "0.5x0.5", "name": "Volkshaus Aarau", "slug": "volkshaus-aarau", "street": "Bachstrasse 43", "city": "Aarau", "zip_code": "5001", "country": "Schweiz", "section": null, "website": "", "lng": 0.0, "lat": 0.0}}, {"model": "events.event", "pk": 1, "fields": {"meta_title": "", "meta_description": "", "meta_image": "", "meta_canonical": "", "meta_author": "", "meta_robots": "", "meta_image_width": null, "meta_image_height": null, "meta_image_ppoi": "0.5x0.5", "template_key": "default", "language_code": "de", "title": "Jahresversammlung", "slug": "jahresversammlung", "author": null, "publication_date": "2020-02-16T19:35:12.378Z", "created_date": "2020-02-16T19:35:12.393Z", "edited_date": "2020-02-16T19:41:06.121Z", "category": null, "section": 1, "start_date": "2020-05-15T19:34:46Z", "end_date": "2020-05-17T19:34:52Z", "location": 1, "namespace": 1}}, {"model": "events.event", "pk": 2, "fields": {"meta_title": "", "meta_description": "", "meta_image": "", "meta_canonical": "", "meta_author": "", "meta_robots": "", "meta_image_width": null, "meta_image_height": null, "meta_image_ppoi": "0.5x0.5", "template_key": "default", "language_code": "de", "title": "Mitgliederversammlung", "slug": "mitgliederversammlung", "author": null, "publication_date": "2020-02-16T19:45:31.036Z", "created_date": "2020-02-16T19:45:31.054Z", "edited_date": "2020-02-16T19:45:31.054Z", "category": null, "section": 2, "start_date": "2020-07-17T19:44:49Z", "end_date": "2020-07-17T19:44:49Z", "location": 2, "namespace": 1}}, {"model": "events.richtext", "pk": 1, "fields": {"text": "<p>Accusantium aut eum omnis autem possimus. Quas rerum nam facilis quis. Libero quo magni cumque iste exercitationem rerum debitis.</p> <p>Iure harum repudiandae ut in cum sunt commodi. Iste est mollitia et nihil dolorum voluptas ratione. Amet voluptas consequatur est sit est ut numquam.</p> <p>Itaque laboriosam odio voluptatem. Aut odit qui dolorem nesciunt. Expedita mollitia perspiciatis maiores quae. Autem voluptatem voluptates voluptatibus.</p> <p>Laborum deserunt rerum tenetur ut consequatur debitis voluptas. Est odit repellendus non. Explicabo molestiae nesciunt nam aut.</p> <p>Quia at asperiores ea sed vero et et qui. Maiores commodi voluptas quam quidem magnam sit. Qui nostrum ipsum id esse laboriosam doloribus dolore qui. Dignissimos cupiditate unde sed iure.</p>", "parent": 1, "region": "main", "ordering": 20}}, {"model": "events.image", "pk": 1, "fields": {"image": "images/2020/02/animal-pet-cute-kitten-45201_FvrqIjZ.jpeg", "width": 2392, "height": 2500, "ppoi": "0.5x0.5", "parent": 1, "region": "main", "ordering": 10, "caption": ""}}, {"model": "events.download", "pk": 1, "fields": {"document": "downloads/P1_\u00c425_Wohnraum_geh\u00f6rt_uns_allen.odt", "download_text": "Jetzt herunterladen!", "link_classes": "", "parent": 2, "region": "main", "ordering": 10}}, {"model": "people.person", "pk": 1, "fields": {"user": null, "image": "", "first_name": "Brian", "last_name": "Breuer", "email": "", "homepage": "", "sections": [1]}}, {"model": "people.person", "pk": 2, "fields": {"user": null, "image": "", "first_name": "Kerstin", "last_name": "Baumgartner", "email": "", "homepage": "", "sections": [2]}}, {"model": "people.person", "pk": 3, "fields": {"user": null, "image": "", "first_name": "Anke", "last_name": "Werner", "email": "", "homepage": "", "sections": [2, 1]}}, {"model": "people.team", "pk": 1, "fields": {"language_code": "de", "name": "Germium 01", "section": 1, "order": 0}}, {"model": "people.team", "pk": 2, "fields": {"language_code": "de", "name": "Vorstand", "section": 2, "order": 0}}, {"model": "people.membership", "pk": 1, "fields": {"person": 2, "team": 1, "title": "Pr\u00e4sidentin", "order": 10}}, {"model": "people.membership", "pk": 2, "fields": {"person": 1, "team": 1, "title": "Aktuar", "order": 20}}, {"model": "people.membership", "pk": 3, "fields": {"person": 3, "team": 1, "title": "Sekret\u00e4rin", "order": 30}}, {"model": "people.membership", "pk": 4, "fields": {"person": 2, "team": 2, "title": "Co-Pr\u00e4sidentin", "order": 10}}, {"model": "people.membership", "pk": 5, "fields": {"person": 1, "team": 2, "title": "Co-Pr\u00e4sident", "order": 20}}, {"model": "admin.logentry", "pk": 1, "fields": {"action_time": "2020-02-16T19:23:02.988Z", "user": 1, "content_type": 4, "object_id": "2", "object_repr": "user", "action_flag": 1, "change_message": "[{\"added\": {}}]"}}, {"model": "admin.logentry", "pk": 2, "fields": {"action_time": "2020-02-16T19:23:28.503Z", "user": 1, "content_type": 4, "object_id": "2", "object_repr": "user", "action_flag": 2, "change_message": "[{\"changed\": {\"fields\": [\"Email address\", \"Staff status\"]}}]"}}, {"model": "admin.logentry", "pk": 3, "fields": {"action_time": "2020-02-16T19:25:20.726Z", "user": 1, "content_type": 3, "object_id": "1", "object_repr": "Vorstand", "action_flag": 1, "change_message": "[{\"added\": {}}]"}}, {"model": "admin.logentry", "pk": 4, "fields": {"action_time": "2020-02-16T19:25:27.606Z", "user": 1, "content_type": 4, "object_id": "2", "object_repr": "user", "action_flag": 2, "change_message": "[{\"changed\": {\"fields\": [\"Groups\"]}}]"}}, {"model": "admin.logentry", "pk": 5, "fields": {"action_time": "2020-02-16T19:26:08.549Z", "user": 1, "content_type": 7, "object_id": "2", "object_repr": "example.juso.local:8000", "action_flag": 1, "change_message": "[{\"added\": {}}]"}}, {"model": "admin.logentry", "pk": 6, "fields": {"action_time": "2020-02-16T19:26:33.496Z", "user": 1, "content_type": 10, "object_id": "1", "object_repr": "JUSO Schweiz", "action_flag": 1, "change_message": "[{\"added\": {}}]"}}, {"model": "admin.logentry", "pk": 7, "fields": {"action_time": "2020-02-16T19:26:47.543Z", "user": 1, "content_type": 10, "object_id": "2", "object_repr": "Beispiel Sektion", "action_flag": 1, "change_message": "[{\"added\": {}}]"}}, {"model": "admin.logentry", "pk": 8, "fields": {"action_time": "2020-02-16T19:26:59.227Z", "user": 1, "content_type": 13, "object_id": "1", "object_repr": "Blog", "action_flag": 1, "change_message": "[{\"added\": {}}]"}}, {"model": "admin.logentry", "pk": 9, "fields": {"action_time": "2020-02-16T19:27:04.428Z", "user": 1, "content_type": 13, "object_id": "2", "object_repr": "Medienmitteilung", "action_flag": 1, "change_message": "[{\"added\": {}}]"}}, {"model": "admin.logentry", "pk": 10, "fields": {"action_time": "2020-02-16T19:27:14.606Z", "user": 1, "content_type": 11, "object_id": "1", "object_repr": "Klima", "action_flag": 1, "change_message": "[{\"added\": {}}]"}}, {"model": "admin.logentry", "pk": 11, "fields": {"action_time": "2020-02-16T19:27:20.989Z", "user": 1, "content_type": 11, "object_id": "2", "object_repr": "Feminismus", "action_flag": 1, "change_message": "[{\"added\": {}}]"}}, {"model": "admin.logentry", "pk": 12, "fields": {"action_time": "2020-02-16T19:28:22.798Z", "user": 1, "content_type": 37, "object_id": "1", "object_repr": "Brian Breuer", "action_flag": 1, "change_message": "[{\"added\": {}}]"}}, {"model": "admin.logentry", "pk": 13, "fields": {"action_time": "2020-02-16T19:28:47.226Z", "user": 1, "content_type": 37, "object_id": "2", "object_repr": "Kerstin Baumgartner", "action_flag": 1, "change_message": "[{\"added\": {}}]"}}, {"model": "admin.logentry", "pk": 14, "fields": {"action_time": "2020-02-16T19:28:59.991Z", "user": 1, "content_type": 37, "object_id": "3", "object_repr": "Anke Werner", "action_flag": 1, "change_message": "[{\"added\": {}}]"}}, {"model": "admin.logentry", "pk": 15, "fields": {"action_time": "2020-02-16T19:29:28.876Z", "user": 1, "content_type": 22, "object_id": "1", "object_repr": "JUSO Schweiz", "action_flag": 1, "change_message": "[{\"added\": {}}]"}}, {"model": "admin.logentry", "pk": 16, "fields": {"action_time": "2020-02-16T19:29:43.229Z", "user": 1, "content_type": 22, "object_id": "2", "object_repr": "JS Suisse", "action_flag": 1, "change_message": "[{\"added\": {}}]"}}, {"model": "admin.logentry", "pk": 17, "fields": {"action_time": "2020-02-16T19:30:00.669Z", "user": 1, "content_type": 22, "object_id": "3", "object_repr": "Beispiel JUSO", "action_flag": 1, "change_message": "[{\"added\": {}}]"}}, {"model": "admin.logentry", "pk": 18, "fields": {"action_time": "2020-02-16T19:30:09.485Z", "user": 1, "content_type": 22, "object_id": "3", "object_repr": "Beispiel JUSO", "action_flag": 2, "change_message": "[{\"changed\": {\"fields\": [\"Static path\", \"Path\"]}}]"}}, {"model": "admin.logentry", "pk": 19, "fields": {"action_time": "2020-02-16T19:30:31.722Z", "user": 1, "content_type": 22, "object_id": "4", "object_repr": "\u00dcber uns", "action_flag": 1, "change_message": "[{\"added\": {}}]"}}, {"model": "admin.logentry", "pk": 20, "fields": {"action_time": "2020-02-16T19:31:14.359Z", "user": 1, "content_type": 22, "object_id": "5", "object_repr": "Portrait", "action_flag": 1, "change_message": "[{\"added\": {}}]"}}, {"model": "admin.logentry", "pk": 21, "fields": {"action_time": "2020-02-16T19:31:25.702Z", "user": 1, "content_type": 22, "object_id": "6", "object_repr": "\u00dcber uns", "action_flag": 1, "change_message": "[{\"added\": {}}]"}}, {"model": "admin.logentry", "pk": 22, "fields": {"action_time": "2020-02-16T19:31:27.656Z", "user": 1, "content_type": 22, "object_id": "6", "object_repr": "\u00dcber uns", "action_flag": 2, "change_message": "[]"}}, {"model": "admin.logentry", "pk": 23, "fields": {"action_time": "2020-02-16T19:31:40.337Z", "user": 1, "content_type": 22, "object_id": "7", "object_repr": "Blog", "action_flag": 1, "change_message": "[{\"added\": {}}]"}}, {"model": "admin.logentry", "pk": 24, "fields": {"action_time": "2020-02-16T19:31:53.825Z", "user": 1, "content_type": 13, "object_id": "3", "object_repr": "Blog", "action_flag": 1, "change_message": "[{\"added\": {}}]"}}, {"model": "admin.logentry", "pk": 25, "fields": {"action_time": "2020-02-16T19:32:01.989Z", "user": 1, "content_type": 22, "object_id": "8", "object_repr": "Blog", "action_flag": 1, "change_message": "[{\"added\": {}}]"}}, {"model": "admin.logentry", "pk": 26, "fields": {"action_time": "2020-02-16T19:32:04.108Z", "user": 1, "content_type": 22, "object_id": "8", "object_repr": "Blog", "action_flag": 2, "change_message": "[]"}}, {"model": "admin.logentry", "pk": 27, "fields": {"action_time": "2020-02-16T19:32:19.910Z", "user": 1, "content_type": 22, "object_id": "9", "object_repr": "Blog", "action_flag": 1, "change_message": "[{\"added\": {}}]"}}, {"model": "admin.logentry", "pk": 28, "fields": {"action_time": "2020-02-16T19:32:34.412Z", "user": 1, "content_type": 22, "object_id": "8", "object_repr": "Blog", "action_flag": 2, "change_message": "[{\"changed\": {\"fields\": [\"Parent\"]}}]"}}, {"model": "admin.logentry", "pk": 29, "fields": {"action_time": "2020-02-16T19:32:58.509Z", "user": 1, "content_type": 22, "object_id": "10", "object_repr": "Termine", "action_flag": 1, "change_message": "[{\"added\": {}}]"}}, {"model": "admin.logentry", "pk": 30, "fields": {"action_time": "2020-02-16T19:33:00.855Z", "user": 1, "content_type": 22, "object_id": "10", "object_repr": "Termine", "action_flag": 2, "change_message": "[]"}}, {"model": "admin.logentry", "pk": 31, "fields": {"action_time": "2020-02-16T19:33:13.908Z", "user": 1, "content_type": 22, "object_id": "11", "object_repr": "Termine", "action_flag": 1, "change_message": "[{\"added\": {}}]"}}, {"model": "admin.logentry", "pk": 32, "fields": {"action_time": "2020-02-16T19:33:17.664Z", "user": 1, "content_type": 22, "object_id": "11", "object_repr": "Termine", "action_flag": 2, "change_message": "[]"}}, {"model": "admin.logentry", "pk": 33, "fields": {"action_time": "2020-02-16T19:33:37.407Z", "user": 1, "content_type": 22, "object_id": "12", "object_repr": "Agenda", "action_flag": 1, "change_message": "[{\"added\": {}}]"}}, {"model": "admin.logentry", "pk": 34, "fields": {"action_time": "2020-02-16T19:34:10.649Z", "user": 1, "content_type": 31, "object_id": "1", "object_repr": "JUSO Seki", "action_flag": 1, "change_message": "[{\"added\": {}}]"}}, {"model": "admin.logentry", "pk": 35, "fields": {"action_time": "2020-02-16T19:34:31.652Z", "user": 1, "content_type": 31, "object_id": "2", "object_repr": "Volkshaus Aarau", "action_flag": 1, "change_message": "[{\"added\": {}}]"}}, {"model": "admin.logentry", "pk": 36, "fields": {"action_time": "2020-02-16T19:35:05.687Z", "user": 1, "content_type": 33, "object_id": "1", "object_repr": "Versammlung", "action_flag": 1, "change_message": "[{\"added\": {}}]"}}, {"model": "admin.logentry", "pk": 37, "fields": {"action_time": "2020-02-16T19:35:12.396Z", "user": 1, "content_type": 27, "object_id": "1", "object_repr": "Jahresversammlung", "action_flag": 1, "change_message": "[{\"added\": {}}]"}}, {"model": "admin.logentry", "pk": 38, "fields": {"action_time": "2020-02-16T19:37:05.931Z", "user": 1, "content_type": 38, "object_id": "1", "object_repr": "Germium 01 (JUSO Schweiz)", "action_flag": 1, "change_message": "[{\"added\": {}}, {\"added\": {\"name\": \"membership\", \"object\": \"Kerstin Baumgartner@Germium 01 (JUSO Schweiz)\"}}, {\"added\": {\"name\": \"membership\", \"object\": \"Brian Breuer@Germium 01 (JUSO Schweiz)\"}}, {\"added\": {\"name\": \"membership\", \"object\": \"Anke Werner@Germium 01 (JUSO Schweiz)\"}}]"}}, {"model": "admin.logentry", "pk": 39, "fields": {"action_time": "2020-02-16T19:37:20.800Z", "user": 1, "content_type": 22, "object_id": "4", "object_repr": "\u00dcber uns", "action_flag": 2, "change_message": "[{\"added\": {\"name\": \"team\", \"object\": \"Germium 01\"}}]"}}, {"model": "admin.logentry", "pk": 40, "fields": {"action_time": "2020-02-16T19:41:06.203Z", "user": 1, "content_type": 27, "object_id": "1", "object_repr": "Jahresversammlung", "action_flag": 2, "change_message": "[{\"added\": {\"name\": \"rich text\", \"object\": \"Accusantium aut eum omnis autem possimus. Quas rerum nam facilis ...\"}}, {\"added\": {\"name\": \"image\", \"object\": \"images/2020/02/animal-pet-cute-kitten-45201_FvrqIjZ.jpeg\"}}]"}}, {"model": "admin.logentry", "pk": 41, "fields": {"action_time": "2020-02-16T19:44:11.640Z", "user": 2, "content_type": 38, "object_id": "2", "object_repr": "Vorstand (Beispiel Sektion)", "action_flag": 1, "change_message": "[{\"added\": {}}, {\"added\": {\"name\": \"membership\", \"object\": \"Kerstin Baumgartner@Vorstand (Beispiel Sektion)\"}}, {\"added\": {\"name\": \"membership\", \"object\": \"Brian Breuer@Vorstand (Beispiel Sektion)\"}}]"}}, {"model": "admin.logentry", "pk": 42, "fields": {"action_time": "2020-02-16T19:44:17.143Z", "user": 2, "content_type": 22, "object_id": "6", "object_repr": "\u00dcber uns", "action_flag": 2, "change_message": "[{\"added\": {\"name\": \"team\", \"object\": \"Vorstand\"}}]"}}, {"model": "admin.logentry", "pk": 43, "fields": {"action_time": "2020-02-16T19:45:31.083Z", "user": 2, "content_type": 27, "object_id": "2", "object_repr": "Mitgliederversammlung", "action_flag": 1, "change_message": "[{\"added\": {}}, {\"added\": {\"name\": \"download\", \"object\": \"Jetzt herunterladen!\"}}]"}}, {"model": "admin.logentry", "pk": 44, "fields": {"action_time": "2020-02-16T19:46:55.473Z", "user": 2, "content_type": 12, "object_id": "1", "object_repr": "Hallo Welt", "action_flag": 1, "change_message": "[{\"added\": {}}]"}}, {"model": "admin.logentry", "pk": 45, "fields": {"action_time": "2020-02-16T19:47:07.307Z", "user": 2, "content_type": 13, "object_id": "3", "object_repr": "Blog (FR)", "action_flag": 2, "change_message": "[{\"changed\": {\"fields\": [\"Name\"]}}]"}}, {"model": "admin.logentry", "pk": 46, "fields": {"action_time": "2020-02-16T19:47:55.466Z", "user": 2, "content_type": 12, "object_id": "1", "object_repr": "Hallo Welt", "action_flag": 2, "change_message": "[{\"added\": {\"name\": \"rich text\", \"object\": \"Bite the neighbor's bratty kid. Meowing chowing and wowing hide ...\"}}]"}}, {"model": "admin.logentry", "pk": 47, "fields": {"action_time": "2020-02-16T19:51:10.648Z", "user": 1, "content_type": 7, "object_id": "1", "object_repr": "127.0.0.1:8000", "action_flag": 2, "change_message": "[{\"changed\": {\"fields\": [\"Default language\"]}}]"}}, {"model": "admin.logentry", "pk": 48, "fields": {"action_time": "2020-02-16T19:51:37.611Z", "user": 1, "content_type": 7, "object_id": "1", "object_repr": "127.0.0.1:8000", "action_flag": 2, "change_message": "[{\"changed\": {\"fields\": [\"Default language\"]}}]"}}, {"model": "admin.logentry", "pk": 49, "fields": {"action_time": "2020-02-16T19:55:41.380Z", "user": 2, "content_type": 12, "object_id": "2", "object_repr": "Eine Mitteilung", "action_flag": 1, "change_message": "[{\"added\": {}}]"}}, {"model": "admin.logentry", "pk": 50, "fields": {"action_time": "2020-02-16T19:56:02.199Z", "user": 2, "content_type": 22, "object_id": "13", "object_repr": "Kontakt", "action_flag": 1, "change_message": "[{\"added\": {}}]"}}, {"model": "admin.logentry", "pk": 51, "fields": {"action_time": "2020-02-16T19:56:03.669Z", "user": 2, "content_type": 22, "object_id": "13", "object_repr": "Kontakt", "action_flag": 2, "change_message": "[]"}}, {"model": "admin.logentry", "pk": 52, "fields": {"action_time": "2020-02-16T19:56:15.849Z", "user": 2, "content_type": 22, "object_id": "14", "object_repr": "Medienmitteilungen", "action_flag": 1, "change_message": "[{\"added\": {}}]"}}]